{"type": "block", "layer": 6, "block": 0, "features": [{"geom": {"triangles": {"v": [659.3805024140165, 601.0682183003519, 0.0, -765.8069975859835, 567.7557183003519, 0.0, 378.0367524140165, -790.8067816996481, 0.0, -762.1194975859835, -775.9942816996481, 0.0], "f": [0, 1, 2, 1, 3, 2]}, "centroids": [[-116.49130632780725, -74.54591226694174, 0.0]]}, "mtl": {"idx": 0}}], "featureCount": 1, "startIndex": 0}